tank_id,threshold_db,otsu_threshold_db,variance_ratio,method
tank_0002,-18.05852501114168,-18.05852501114168,0.6534251833412485,otsu_per_tank
tank_0004,-18.56188455321434,-18.56188455321434,0.6034750299946314,otsu_per_tank
tank_0005,-18.622900956518897,-18.622900956518897,0.6020481232739947,otsu_per_tank
tank_0011,-16.158679671066132,-16.158679671066132,0.6595779538563298,otsu_per_tank
tank_0014,-17.34402224000149,-17.34402224000149,0.6658004194131459,otsu_per_tank
tank_0019,-18.80853049868997,-18.80853049868997,0.6512744250329123,otsu_per_tank
tank_0024,-16.0,-17.112976979141997,0.5685817430117156,fallback_global_not_bimodal
tank_0025,-15.422794328893573,-15.422794328893573,0.6156282146718247,otsu_per_tank
tank_0026,-18.679112759449236,-18.679112759449236,0.654668264245395,otsu_per_tank
tank_0027,-14.680093079775027,-14.680093079775027,0.6726954471560538,otsu_per_tank
tank_0030,-16.06380606804315,-16.06380606804315,0.6858876194379201,otsu_per_tank
tank_0031,-17.876122572732015,-17.876122572732015,0.6207743647626025,otsu_per_tank
tank_0036,-13.429638902330833,-13.429638902330833,0.671294363644705,otsu_per_tank
tank_0037,-17.40918474769353,-17.40918474769353,0.6584559203875775,otsu_per_tank
tank_0038,-16.0,-18.299512353349773,0.5702083697307001,fallback_global_not_bimodal
tank_0050,-16.0,-17.622782693159156,0.5361492507782122,fallback_global_not_bimodal
tank_0051,-16.444818739995902,-16.444818739995902,0.6522689645316595,otsu_per_tank
tank_0052,-16.452888187057074,-16.452888187057074,0.7035314700834281,otsu_per_tank
tank_0053,-16.0,-17.869216181348854,0.5953965967283024,fallback_global_not_bimodal
tank_0055,-16.174884153346166,-16.174884153346166,0.635948795494471,otsu_per_tank
tank_0057,-15.624113716253262,-15.624113716253262,0.6623096821879824,otsu_per_tank
tank_0058,-16.0,-15.943737394856823,0.5949976276147304,fallback_global_not_bimodal
tank_0064,-17.863963901250624,-17.863963901250624,0.6316884075320257,otsu_per_tank
tank_0069,-17.732739840381754,-17.732739840381754,0.6294424687695419,otsu_per_tank
tank_0072,-19.62294026687258,-19.62294026687258,0.7894900737756568,otsu_per_tank
tank_0073,-17.455234234656054,-17.455234234656054,0.6499471702344685,otsu_per_tank
tank_0080,-15.635470970563084,-15.635470970563084,0.6298995884108325,otsu_per_tank
tank_0094,-11.384974332954066,-11.384974332954066,0.6127430568232286,otsu_per_tank
tank_0107,-17.86961970389862,-17.86961970389862,0.6682230035019632,otsu_per_tank
tank_0110,-18.69286710059489,-18.69286710059489,0.6490984433051884,otsu_per_tank
tank_0113,-15.398197926507342,-15.398197926507342,0.7436574700071213,otsu_per_tank
tank_0115,-16.0,-15.63494315033878,0.5294608142963245,fallback_global_not_bimodal
tank_0116,-15.362627710748894,-15.362627710748894,0.6226668145245028,otsu_per_tank
tank_0117,-19.378323100468418,-19.378323100468418,0.7039681143495116,otsu_per_tank
tank_0118,-18.892323597987943,-18.892323597987943,0.699937104553898,otsu_per_tank
tank_0122,-17.874464043237953,-17.874464043237953,0.6168188596248494,otsu_per_tank
tank_0125,-16.393777051111993,-16.393777051111993,0.6690557620738526,otsu_per_tank
tank_0130,-16.82171985843127,-16.82171985843127,0.6522557567988599,otsu_per_tank
tank_0131,-17.3152277848664,-17.3152277848664,0.6725392782828017,otsu_per_tank
tank_0132,-16.0,-14.263145977478288,0.5963725664462916,fallback_global_not_bimodal
tank_0134,-15.93634056392373,-15.93634056392373,0.6312749872336958,otsu_per_tank
tank_0135,-15.810890001458459,-15.810890001458459,0.6251636152918547,otsu_per_tank
tank_0142,-18.572033718109754,-18.572033718109754,0.6234690405155292,otsu_per_tank
tank_0143,-17.622904634187382,-17.622904634187382,0.6381221636317366,otsu_per_tank
tank_0144,-18.36690854580339,-18.36690854580339,0.6299825340697686,otsu_per_tank
tank_0148,-19.44846316872427,-19.44846316872427,0.6308410225106125,otsu_per_tank
tank_0153,-18.10058263206374,-18.10058263206374,0.6633357851079595,otsu_per_tank
tank_0156,-16.0,-19.130452546546454,0.5587177907772038,fallback_global_not_bimodal
tank_0159,-18.119107759904395,-18.119107759904395,0.6404303669836192,otsu_per_tank
tank_0165,-15.941240180016315,-15.941240180016315,0.6549899444027134,otsu_per_tank
tank_0171,-18.36123340234098,-18.36123340234098,0.6567495149507343,otsu_per_tank
tank_0172,-16.066988801848154,-16.066988801848154,0.651594368707297,otsu_per_tank
tank_0174,-14.199322789878329,-14.199322789878329,0.7053380738615243,otsu_per_tank
tank_0176,-16.42642656604296,-16.42642656604296,0.6210399053300466,otsu_per_tank
tank_0184,-15.809475443453374,-15.809475443453374,0.6026916860786038,otsu_per_tank
tank_0187,-14.430219091486359,-14.430219091486359,0.6061346096977219,otsu_per_tank
tank_0190,-15.323126154266342,-15.323126154266342,0.6931937791242204,otsu_per_tank
tank_0192,-17.461818273732476,-17.461818273732476,0.6616016636880311,otsu_per_tank
tank_0193,-19.68116326630236,-19.68116326630236,0.6527004750933879,otsu_per_tank
tank_0195,-18.163445604488956,-18.163445604488956,0.712291686026504,otsu_per_tank
tank_0199,-18.33164804795134,-18.33164804795134,0.6763603915838414,otsu_per_tank
tank_0204,-18.653521939128293,-18.653521939128293,0.699130945988653,otsu_per_tank
tank_0205,-19.86455263123315,-19.86455263123315,0.683375930892718,otsu_per_tank
tank_0207,-15.565990593492804,-15.565990593492804,0.635860787450319,otsu_per_tank
tank_0209,-16.0,-15.559335645734656,0.5980281973191715,fallback_global_not_bimodal
tank_0213,-17.65078934206143,-17.65078934206143,0.6935156488649349,otsu_per_tank
tank_0217,-19.606133065556875,-19.606133065556875,0.6836933276222962,otsu_per_tank
tank_0220,-16.316578422394656,-16.316578422394656,0.6628005236765673,otsu_per_tank
tank_0221,-16.0,-18.14476952953581,0.49391593234634945,fallback_global_not_bimodal
tank_0225,-19.089181364562734,-19.089181364562734,0.7026377528974014,otsu_per_tank
tank_0226,-18.376565932763995,-18.376565932763995,0.6358382993956047,otsu_per_tank
tank_0228,-16.68976680044795,-16.68976680044795,0.6275715447940196,otsu_per_tank
tank_0229,-16.441430797632073,-16.441430797632073,0.6722033960336032,otsu_per_tank
tank_0231,-15.049786701814202,-15.049786701814202,0.7491855688315626,otsu_per_tank
tank_0233,-18.305067730648645,-18.305067730648645,0.6213288315146513,otsu_per_tank
tank_0236,-15.321473812189316,-15.321473812189316,0.6477499127591974,otsu_per_tank
tank_0237,-15.622672679980996,-15.622672679980996,0.6282662589707815,otsu_per_tank
tank_0240,-16.31877450160906,-16.31877450160906,0.6296280172761178,otsu_per_tank
tank_0242,-17.85957117266403,-17.85957117266403,0.7337541481247564,otsu_per_tank
tank_0245,-16.441960155840086,-16.441960155840086,0.6794147896131915,otsu_per_tank
tank_0247,-19.733527590551653,-19.733527590551653,0.7757538550943018,otsu_per_tank
tank_0256,-17.567570485975832,-17.567570485975832,0.7296548533101549,otsu_per_tank
tank_0257,-16.695799503481705,-16.695799503481705,0.648463169302725,otsu_per_tank
tank_0260,-15.856882371178576,-15.856882371178576,0.7177847800066317,otsu_per_tank
tank_0261,-18.87268259612894,-18.87268259612894,0.6353282952761482,otsu_per_tank
tank_0264,-18.089336796488706,-18.089336796488706,0.7291312645823863,otsu_per_tank
tank_0273,-19.715011569453175,-19.715011569453175,0.7302387853935908,otsu_per_tank
tank_0276,-16.065164862933898,-16.065164862933898,0.6422321060904407,otsu_per_tank
tank_0278,-16.562671752984137,-16.562671752984137,0.686408375642982,otsu_per_tank
tank_0280,-15.425313409208815,-15.425313409208815,0.6771027048295939,otsu_per_tank
tank_0291,-15.613032421506315,-15.613032421506315,0.6150400658594897,otsu_per_tank
tank_0292,-15.881361897595859,-15.881361897595859,0.6585487753569508,otsu_per_tank
tank_0296,-15.70370522282531,-15.70370522282531,0.7072720739015272,otsu_per_tank
tank_0297,-16.0,-17.118988997472293,0.5917956289134895,fallback_global_not_bimodal
tank_0299,-16.137028880716635,-16.137028880716635,0.7216266986503906,otsu_per_tank
tank_0300,-16.611476980186477,-16.611476980186477,0.6743622065967825,otsu_per_tank
tank_0301,-18.842203111748542,-18.842203111748542,0.6164104479511888,otsu_per_tank
tank_0307,-18.265412537323666,-18.265412537323666,0.7801906950385568,otsu_per_tank
tank_0309,-17.898680541341346,-17.898680541341346,0.7165946291546595,otsu_per_tank
tank_0313,-16.079167347179208,-16.079167347179208,0.6307101414667893,otsu_per_tank
tank_0314,-15.878798592872574,-15.878798592872574,0.6678329443373604,otsu_per_tank
tank_0319,-16.376561281531647,-16.376561281531647,0.656951587971305,otsu_per_tank
tank_0321,-16.109002371639747,-16.109002371639747,0.6948925739004053,otsu_per_tank
tank_0327,-17.568564308026772,-17.568564308026772,0.6501105137176498,otsu_per_tank
tank_0337,-16.666866778743255,-16.666866778743255,0.6077911191756719,otsu_per_tank
tank_0338,-15.047984829283878,-15.047984829283878,0.6765820187984148,otsu_per_tank
tank_0339,-18.114261337569648,-18.114261337569648,0.7442727064217428,otsu_per_tank
tank_0342,-16.0,-17.872528703204352,0.5898307892168503,fallback_global_not_bimodal
tank_0345,-15.560015355588794,-15.560015355588794,0.6699524778215743,otsu_per_tank
tank_0346,-15.43611487236431,-15.43611487236431,0.6193699537955663,otsu_per_tank
tank_0349,-18.248836133051476,-18.248836133051476,0.6209776613570807,otsu_per_tank
tank_0350,-14.556697506450808,-14.556697506450808,0.6114116476383001,otsu_per_tank
tank_0353,-17.116401621466014,-17.116401621466014,0.6008511051106893,otsu_per_tank
tank_0356,-14.907055118550636,-14.907055118550636,0.6746892099696454,otsu_per_tank
tank_0360,-17.87997479536935,-17.87997479536935,0.6418260127712018,otsu_per_tank
tank_0361,-15.436021764981975,-15.436021764981975,0.6988764453624817,otsu_per_tank
tank_0362,-16.636748456041726,-16.636748456041726,0.6302314684508058,otsu_per_tank
tank_0364,-14.181076099882244,-14.181076099882244,0.6892517450193637,otsu_per_tank
tank_0366,-14.818466431796132,-14.818466431796132,0.6509152312245787,otsu_per_tank
tank_0369,-20.615626239256077,-20.615626239256077,0.6174107159572668,otsu_per_tank
tank_0375,-15.428253951667783,-15.428253951667783,0.6242168559323682,otsu_per_tank
tank_0379,-16.37624387393243,-16.37624387393243,0.6068813803285346,otsu_per_tank
tank_0381,-19.573334164008113,-19.573334164008113,0.6413657849778459,otsu_per_tank
tank_0386,-16.60882357229571,-16.60882357229571,0.6937505380429513,otsu_per_tank
tank_0390,-15.610243514787912,-15.610243514787912,0.6603686231017258,otsu_per_tank
tank_0397,-18.81372905131475,-18.81372905131475,0.6070984493003722,otsu_per_tank
tank_0399,-16.322500490215894,-16.322500490215894,0.6547668467289035,otsu_per_tank
tank_0404,-17.117043296645537,-17.117043296645537,0.6676630549381987,otsu_per_tank
tank_0409,-18.936977719195575,-18.936977719195575,0.6194531415211167,otsu_per_tank
tank_0420,-14.297544218783177,-14.297544218783177,0.676468092873213,otsu_per_tank
tank_0425,-15.566643480180497,-15.566643480180497,0.6472769026607395,otsu_per_tank
tank_0431,-20.64267064518094,-20.64267064518094,0.6641648239888531,otsu_per_tank
tank_0432,-14.075522525480926,-14.075522525480926,0.7230910154891195,otsu_per_tank
tank_0435,-20.351508422630697,-20.351508422630697,0.7298677272700486,otsu_per_tank
tank_0436,-17.44293110860211,-17.44293110860211,0.6561572866162069,otsu_per_tank
tank_0438,-16.376009738765422,-16.376009738765422,0.6752613589115245,otsu_per_tank
tank_0443,-14.645557077680278,-14.645557077680278,0.6361542199052486,otsu_per_tank
tank_0444,-20.300417320148195,-20.300417320148195,0.8142490543818072,otsu_per_tank
tank_0447,-17.887027483097594,-17.887027483097594,0.6618197963598039,otsu_per_tank
tank_0448,-16.0,-17.136732111036668,0.5970919613727365,fallback_global_not_bimodal
tank_0449,-14.06904261610466,-14.06904261610466,0.6052384128713438,otsu_per_tank
tank_0455,-16.155980178084892,-16.155980178084892,0.6281280544743526,otsu_per_tank
tank_0460,-14.051290389981178,-14.051290389981178,0.6962645779845515,otsu_per_tank
tank_0462,-21.209588605579974,-21.209588605579974,0.8155037775530033,otsu_per_tank
tank_0466,-16.93568951606993,-16.93568951606993,0.612837295113219,otsu_per_tank
tank_0471,-17.438780166582877,-17.438780166582877,0.6247449101290677,otsu_per_tank
tank_0473,-16.873730744210313,-16.873730744210313,0.6709150477899043,otsu_per_tank
tank_0474,-16.12174161208057,-16.12174161208057,0.6787141200717796,otsu_per_tank
tank_0481,-16.0,-16.381194669514905,0.5514868196997882,fallback_global_not_bimodal
tank_0485,-17.627204607002724,-17.627204607002724,0.7669516414727755,otsu_per_tank
tank_0489,-16.807647253736167,-16.807647253736167,0.6081536348488322,otsu_per_tank
tank_0491,-15.553414287835498,-15.553414287835498,0.6409843105493416,otsu_per_tank
tank_0494,-16.62245277036298,-16.62245277036298,0.6037019877597757,otsu_per_tank
tank_0497,-15.568351215915353,-15.568351215915353,0.6788071410726881,otsu_per_tank
tank_0498,-14.95389595391648,-14.95389595391648,0.663904824914749,otsu_per_tank
tank_0502,-17.107438812140202,-17.107438812140202,0.6071691513554065,otsu_per_tank
tank_0505,-16.210611430468912,-16.210611430468912,0.7152543804899912,otsu_per_tank
tank_0509,-15.687118927774424,-15.687118927774424,0.6913209402619903,otsu_per_tank
tank_0512,-21.745107453505213,-21.745107453505213,0.7820042805661636,otsu_per_tank
tank_0514,-16.0,-13.678652314016201,0.5932274558301972,fallback_global_not_bimodal
tank_0515,-13.940590030695711,-13.940590030695711,0.6414426136508314,otsu_per_tank
tank_0521,-20.333744973632598,-20.333744973632598,0.7177765000728591,otsu_per_tank
tank_0524,-17.320821365037393,-17.320821365037393,0.6456957328427296,otsu_per_tank
tank_0526,-19.629377725929753,-19.629377725929753,0.7466950417334925,otsu_per_tank
tank_0533,-16.818551052872213,-16.818551052872213,0.637449465238793,otsu_per_tank
tank_0534,-17.638865951712322,-17.638865951712322,0.6788862002230706,otsu_per_tank
tank_0536,-17.36074411918143,-17.36074411918143,0.6335722709076163,otsu_per_tank
tank_0537,-15.37545951266641,-15.37545951266641,0.6582854076993818,otsu_per_tank
tank_0541,-16.580091662211846,-16.580091662211846,0.6477293343801174,otsu_per_tank
tank_0547,-17.86870459265035,-17.86870459265035,0.6235957138246014,otsu_per_tank
tank_0552,-14.20379162560742,-14.20379162560742,0.6475365223545225,otsu_per_tank
tank_0555,-20.598740390790613,-20.598740390790613,0.6333676689179778,otsu_per_tank
tank_0556,-17.110915017956337,-17.110915017956337,0.626169466034846,otsu_per_tank
tank_0557,-17.3644968259762,-17.3644968259762,0.662848676671145,otsu_per_tank
tank_0560,-15.88494188085066,-15.88494188085066,0.6544216934509562,otsu_per_tank
tank_0561,-16.196806725425144,-16.196806725425144,0.6422159307516027,otsu_per_tank
tank_0566,-16.0,-14.57340913071381,0.5539715120262674,fallback_global_not_bimodal
tank_0567,-15.312705814602259,-15.312705814602259,0.6155594833709332,otsu_per_tank
tank_0568,-16.0,-16.797290312726176,0.5828213831216383,fallback_global_not_bimodal
tank_0574,-20.275999723482332,-20.275999723482332,0.7825460211239132,otsu_per_tank
tank_0579,-21.250174519410894,-21.250174519410894,0.7909743361262843,otsu_per_tank
tank_0583,-21.707568726930727,-21.707568726930727,0.7736857991511379,otsu_per_tank
tank_0587,-16.807160045937028,-16.807160045937028,0.6461754066104898,otsu_per_tank
tank_0589,-16.144467948722674,-16.144467948722674,0.6490419122058367,otsu_per_tank
tank_0590,-19.28489581066468,-19.28489581066468,0.7691020800373597,otsu_per_tank
tank_0592,-16.19094911438588,-16.19094911438588,0.6264954059041612,otsu_per_tank
tank_0593,-17.33007554009328,-17.33007554009328,0.6389181169187929,otsu_per_tank
tank_0595,-16.451754624166423,-16.451754624166423,0.6827358715547945,otsu_per_tank
tank_0600,-14.422206416083942,-14.422206416083942,0.7628456240742547,otsu_per_tank
tank_0604,-16.441707206848356,-16.441707206848356,0.6238727640089655,otsu_per_tank
tank_0606,-16.939661349014724,-16.939661349014724,0.6405282736878158,otsu_per_tank
tank_0607,-15.639223237979937,-15.639223237979937,0.6169780426283018,otsu_per_tank
tank_0608,-22.216441311311193,-22.216441311311193,0.8871519149222526,otsu_per_tank
tank_0610,-14.82361834499524,-14.82361834499524,0.6194264650427572,otsu_per_tank
tank_0611,-13.957889846423699,-13.957889846423699,0.7040839952340453,otsu_per_tank
tank_0612,-16.186969661277274,-16.186969661277274,0.6416636095326248,otsu_per_tank
tank_0613,-15.45286493201272,-15.45286493201272,0.6874362555360486,otsu_per_tank
tank_0619,-17.85665326846682,-17.85665326846682,0.7866268447583357,otsu_per_tank
tank_0626,-16.684288649984587,-16.684288649984587,0.651012801525046,otsu_per_tank
tank_0627,-17.67369860932302,-17.67369860932302,0.6537535104895844,otsu_per_tank
tank_0628,-17.32422103591134,-17.32422103591134,0.7255782192206374,otsu_per_tank
tank_0632,-16.945592649691072,-16.945592649691072,0.6786246116957817,otsu_per_tank
tank_0633,-13.531822773929992,-13.531822773929992,0.6521099913743961,otsu_per_tank
tank_0639,-14.059422345208866,-14.059422345208866,0.6522326787373522,otsu_per_tank
tank_0640,-14.681033297503713,-14.681033297503713,0.6136427181120537,otsu_per_tank
tank_0641,-13.929258467022333,-13.929258467022333,0.6421413254231916,otsu_per_tank
tank_0643,-17.882278604422133,-17.882278604422133,0.7397216157643957,otsu_per_tank
tank_0646,-17.555620877597637,-17.555620877597637,0.6247315454195429,otsu_per_tank
tank_0663,-17.19862359506287,-17.19862359506287,0.6288740877520784,otsu_per_tank
tank_0664,-18.68221218686475,-18.68221218686475,0.6660999246711683,otsu_per_tank
tank_0666,-18.61104113822971,-18.61104113822971,0.6234238715343524,otsu_per_tank
tank_0667,-17.124541215115674,-17.124541215115674,0.657366939339338,otsu_per_tank
tank_0670,-16.714998432994527,-16.714998432994527,0.8244966567754196,otsu_per_tank
tank_0675,-17.31077157276832,-17.31077157276832,0.6252592092354543,otsu_per_tank
tank_0676,-22.241299116688747,-22.241299116688747,0.7792835591022407,otsu_per_tank
tank_0678,-14.202138904518701,-14.202138904518701,0.778041011646042,otsu_per_tank
tank_0681,-18.314064605551053,-18.314064605551053,0.6583777879155952,otsu_per_tank
tank_0687,-17.6345125780704,-17.6345125780704,0.6419743105768857,otsu_per_tank
tank_0688,-21.25553223144759,-21.25553223144759,0.7090926975294308,otsu_per_tank
tank_0697,-15.3051927701983,-15.3051927701983,0.6556126114044273,otsu_per_tank
tank_0720,-16.38456721175988,-16.38456721175988,0.6373396492364864,otsu_per_tank
tank_0722,-15.302307388236457,-15.302307388236457,0.6234018920452699,otsu_per_tank
tank_0724,-17.387424432262897,-17.387424432262897,0.6544783750452351,otsu_per_tank
tank_0725,-17.872004982844704,-17.872004982844704,0.6938636673840154,otsu_per_tank
tank_0728,-16.561414172556358,-16.561414172556358,0.6675413421903966,otsu_per_tank
tank_0730,-16.821675480974992,-16.821675480974992,0.7259625240515646,otsu_per_tank
tank_0731,-22.279004295896502,-22.279004295896502,0.8134433277462763,otsu_per_tank
tank_0732,-15.57735134409898,-15.57735134409898,0.7057891099019695,otsu_per_tank
tank_0737,-22.782381397872616,-22.782381397872616,0.8510052411444755,otsu_per_tank
tank_0739,-13.81572546634383,-13.81572546634383,0.6456809553097514,otsu_per_tank
tank_0740,-16.0,-17.131530053668484,0.5521793730324901,fallback_global_not_bimodal
tank_0746,-15.948416288900392,-15.948416288900392,0.6142358926829239,otsu_per_tank
tank_0748,-15.577304634018649,-15.577304634018649,0.6228764188655911,otsu_per_tank
tank_0749,-16.60538092265123,-16.60538092265123,0.626008861956785,otsu_per_tank
tank_0752,-16.37846363629489,-16.37846363629489,0.6774935195251397,otsu_per_tank
tank_0760,-19.181802990329405,-19.181802990329405,0.69061467211654,otsu_per_tank
tank_0770,-14.933510305730104,-14.933510305730104,0.6713206780727147,otsu_per_tank
tank_0772,-15.569160688848687,-15.569160688848687,0.6346853980211355,otsu_per_tank
tank_0788,-15.634155406878705,-15.634155406878705,0.720226662921058,otsu_per_tank
tank_0789,-16.397308842932915,-16.397308842932915,0.6753608557109161,otsu_per_tank
tank_0792,-14.3754830063101,-14.3754830063101,0.684506526169422,otsu_per_tank
tank_0797,-19.405226349416722,-19.405226349416722,0.6785695690050308,otsu_per_tank
tank_0800,-17.625457454384062,-17.625457454384062,0.7273904002165225,otsu_per_tank
tank_0802,-18.36768305051049,-18.36768305051049,0.7249320421886415,otsu_per_tank
tank_0803,-13.17290471432208,-13.17290471432208,0.6753871879888151,otsu_per_tank
tank_0808,-12.19191248281756,-12.19191248281756,0.6137036396623273,otsu_per_tank
tank_0810,-18.62479089574664,-18.62479089574664,0.7087448824314961,otsu_per_tank
tank_0811,-13.422684764395509,-13.422684764395509,0.691692153770844,otsu_per_tank
tank_0812,-17.26325380221408,-17.26325380221408,0.7706421395073074,otsu_per_tank
tank_0813,-10.384015866378231,-10.384015866378231,0.6407952966763403,otsu_per_tank
tank_0816,-11.912858364097744,-11.912858364097744,0.6707725588981583,otsu_per_tank
tank_0819,-17.619538583412858,-17.619538583412858,0.670103304635423,otsu_per_tank
tank_0823,-16.0,-11.448133999147567,0.5883837813711388,fallback_global_not_bimodal
tank_0824,-21.751585150082974,-21.751585150082974,0.8797695068203966,otsu_per_tank
tank_0825,-17.096564230129967,-17.096564230129967,0.7405216099916787,otsu_per_tank
tank_0828,-19.14225360478164,-19.14225360478164,0.7802938687049411,otsu_per_tank
tank_0829,-18.2905802009379,-18.2905802009379,0.7431909170464457,otsu_per_tank
tank_0830,-20.23441946569117,-20.23441946569117,0.7619224948870127,otsu_per_tank
tank_0831,-15.865075742396805,-15.865075742396805,0.6938224934426074,otsu_per_tank
tank_0844,-17.571923295765902,-17.571923295765902,0.6550214265740563,otsu_per_tank
tank_0852,-17.628994241593123,-17.628994241593123,0.6268693951648223,otsu_per_tank
tank_0855,-18.779058866923982,-18.779058866923982,0.8069193976060057,otsu_per_tank
tank_0856,-22.25983180639833,-22.25983180639833,0.8464565182555439,otsu_per_tank
tank_0860,-18.848446487716142,-18.848446487716142,0.6431352784619473,otsu_per_tank
tank_0861,-19.140389717642392,-19.140389717642392,0.6679155002878343,otsu_per_tank
tank_0872,-18.94857331154555,-18.94857331154555,0.8004420405363201,otsu_per_tank
tank_0875,-20.249263028438723,-20.249263028438723,0.6743680056322654,otsu_per_tank
tank_0879,-19.366656022214443,-19.366656022214443,0.6495143242261392,otsu_per_tank
tank_0885,-17.934917110597688,-17.934917110597688,0.6281931605777025,otsu_per_tank
tank_0891,-18.863586060255262,-18.863586060255262,0.6785706771994355,otsu_per_tank
tank_0894,-22.763695340527978,-22.763695340527978,0.8444941894317527,otsu_per_tank
tank_0898,-21.221616978273946,-21.221616978273946,0.8188765303274927,otsu_per_tank
tank_0900,-16.139180004841457,-16.139180004841457,0.600917151110685,otsu_per_tank
tank_0901,-18.718561220371306,-18.718561220371306,0.6899115984293915,otsu_per_tank
tank_0902,-21.726270302225263,-21.726270302225263,0.7739437506937205,otsu_per_tank
tank_0914,-19.2308615933624,-19.2308615933624,0.7812977942624474,otsu_per_tank
tank_0917,-20.784457088197826,-20.784457088197826,0.8477874760581443,otsu_per_tank
tank_0919,-18.19535399750571,-18.19535399750571,0.6865864264319463,otsu_per_tank
tank_0920,-19.242890974158207,-19.242890974158207,0.69251938651787,otsu_per_tank
tank_0922,-20.339952609223083,-20.339952609223083,0.7855038631313425,otsu_per_tank
tank_0923,-17.62164180312277,-17.62164180312277,0.6339979834670194,otsu_per_tank
tank_0924,-19.375563271024657,-19.375563271024657,0.6986515776192562,otsu_per_tank
tank_0926,-19.119233396298835,-19.119233396298835,0.6508620070574052,otsu_per_tank
tank_0927,-16.12292930392679,-16.12292930392679,0.6411690254462228,otsu_per_tank
tank_0928,-18.624352527262513,-18.624352527262513,0.6954654897260367,otsu_per_tank
tank_0930,-19.79070212761671,-19.79070212761671,0.7616902504274048,otsu_per_tank
tank_0931,-20.8280863746387,-20.8280863746387,0.8054534017734071,otsu_per_tank
tank_0933,-19.937441997139548,-19.937441997139548,0.691103824935717,otsu_per_tank
tank_0934,-20.1150741871478,-20.1150741871478,0.6354856027398706,otsu_per_tank
tank_0937,-19.86794096187981,-19.86794096187981,0.6346264206301843,otsu_per_tank
tank_0938,-19.84575486471544,-19.84575486471544,0.6649138080171776,otsu_per_tank
tank_0939,-13.947053641211024,-13.947053641211024,0.6440773546407333,otsu_per_tank
tank_0944,-19.736929033453475,-19.736929033453475,0.845571424155508,otsu_per_tank
tank_0946,-19.619706293863377,-19.619706293863377,0.6667222797685897,otsu_per_tank
tank_0952,-16.0,-16.89884686112738,0.5740598344604065,fallback_global_not_bimodal
tank_0958,-15.933389353862522,-15.933389353862522,0.6676304906029485,otsu_per_tank
tank_0962,-21.783870582291183,-21.783870582291183,0.8306254794959097,otsu_per_tank
tank_0967,-18.407005709098748,-18.407005709098748,0.6647180327779335,otsu_per_tank
tank_0975,-19.129026764553018,-19.129026764553018,0.6598312819363357,otsu_per_tank
tank_0978,-16.10145417249562,-16.10145417249562,0.7167683709883276,otsu_per_tank
tank_0990,-17.075387172995683,-17.075387172995683,0.663054370513284,otsu_per_tank
tank_0991,-22.7547004804041,-22.7547004804041,0.7943417876465649,otsu_per_tank
tank_0998,-17.89642826981071,-17.89642826981071,0.6062433346722862,otsu_per_tank
tank_0999,-16.8050696135686,-16.8050696135686,0.6727681938128596,otsu_per_tank
tank_1003,-21.208937887008815,-21.208937887008815,0.8523487341838888,otsu_per_tank
tank_1004,-15.94215688603006,-15.94215688603006,0.7247360946905234,otsu_per_tank
tank_1014,-20.262767934744144,-20.262767934744144,0.7338510062322011,otsu_per_tank
tank_1026,-19.253704495461243,-19.253704495461243,0.865228707146741,otsu_per_tank
tank_1031,-18.38323456769457,-18.38323456769457,0.6716087982298993,otsu_per_tank
tank_1032,-13.177751815639999,-13.177751815639999,0.6491814817850743,otsu_per_tank
tank_1034,-13.434012776619126,-13.434012776619126,0.6789160470176637,otsu_per_tank
tank_1042,-17.67548231367651,-17.67548231367651,0.7134182791441643,otsu_per_tank
tank_1045,-20.344979887557457,-20.344979887557457,0.7916426780235197,otsu_per_tank
tank_1049,-19.17071457608799,-19.17071457608799,0.872413577945019,otsu_per_tank
tank_1055,-13.882403976587433,-13.882403976587433,0.6022288804860577,otsu_per_tank
tank_1061,-17.124464734462226,-17.124464734462226,0.7491374817793051,otsu_per_tank
tank_1062,-15.304584672180098,-15.304584672180098,0.6094727455516448,otsu_per_tank
tank_1064,-12.553057422626658,-12.553057422626658,0.645554631814512,otsu_per_tank
tank_1065,-14.07073337078361,-14.07073337078361,0.659207921211028,otsu_per_tank
tank_1066,-15.399278710543102,-15.399278710543102,0.6784478897583666,otsu_per_tank
tank_1070,-20.28668351671743,-20.28668351671743,0.798599413591203,otsu_per_tank
tank_1073,-20.878595601588632,-20.878595601588632,0.8327515301880338,otsu_per_tank
tank_1083,-19.774357886302163,-19.774357886302163,0.8333563026291081,otsu_per_tank
tank_1086,-16.138606798611832,-16.138606798611832,0.6299988381737666,otsu_per_tank
tank_1088,-12.883864613605208,-12.883864613605208,0.6430219463761372,otsu_per_tank
tank_1089,-17.24951090152399,-17.24951090152399,0.8344857590450648,otsu_per_tank
tank_1090,-20.177072956693937,-20.177072956693937,0.8385646666082767,otsu_per_tank
tank_1091,-16.117072395586437,-16.117072395586437,0.6398112343023518,otsu_per_tank
tank_1094,-21.748686761857982,-21.748686761857982,0.8392917851945911,otsu_per_tank
tank_1095,-16.39470352341349,-16.39470352341349,0.674149468451528,otsu_per_tank
tank_1104,-12.942534709652177,-12.942534709652177,0.6490461987098084,otsu_per_tank
tank_1113,-18.59549466157408,-18.59549466157408,0.752790828370887,otsu_per_tank
tank_1116,-16.91843438345669,-16.91843438345669,0.7271481010818014,otsu_per_tank
tank_1117,-21.53374820221208,-21.53374820221208,0.6713762214446523,otsu_per_tank
tank_1120,-19.236026959045017,-19.236026959045017,0.7747510902006328,otsu_per_tank
tank_1121,-21.225873812023803,-21.225873812023803,0.7937822582922007,otsu_per_tank
tank_1124,-16.0,-16.8954083662294,0.5757658595265294,fallback_global_not_bimodal
tank_1128,-19.84724530246361,-19.84724530246361,0.7285237110435607,otsu_per_tank
tank_1134,-14.802816043852436,-14.802816043852436,0.6520408845365875,otsu_per_tank
tank_1135,-17.765624383436155,-17.765624383436155,0.6959254762353285,otsu_per_tank
tank_1146,-16.10959648349434,-16.10959648349434,0.6741696042172342,otsu_per_tank
tank_1149,-15.627778171192558,-15.627778171192558,0.643152317033528,otsu_per_tank
tank_1156,-16.0,-15.614394173571531,0.5769632924775414,fallback_global_not_bimodal
tank_1157,-12.139280324208586,-12.139280324208586,0.6830967241719624,otsu_per_tank
tank_1159,-20.807042400947672,-20.807042400947672,0.8380217230839183,otsu_per_tank
tank_1160,-19.774500010542262,-19.774500010542262,0.8561820720453429,otsu_per_tank
tank_1166,-11.604229794899446,-11.604229794899446,0.6731057959254942,otsu_per_tank
tank_1170,-10.652113101678964,-10.652113101678964,0.7669506688459015,otsu_per_tank
tank_1175,-16.0,-14.195432316147953,0.582677675791249,fallback_global_not_bimodal
tank_1177,-14.064392213811704,-14.064392213811704,0.6366783373054395,otsu_per_tank
tank_1179,-14.881468492866793,-14.881468492866793,0.6223822305670328,otsu_per_tank
tank_1181,-19.224307311970804,-19.224307311970804,0.7720862434333353,otsu_per_tank
tank_1186,-19.097099865477023,-19.097099865477023,0.8083177474460442,otsu_per_tank
tank_1187,-16.0,-17.247044325796615,0.5688134379695539,fallback_global_not_bimodal
tank_1190,-13.951326835531988,-13.951326835531988,0.6866138386901037,otsu_per_tank
tank_1192,-16.0,-17.146300859405052,0.5486988807300897,fallback_global_not_bimodal
tank_1196,-16.861753920326418,-16.861753920326418,0.6292941655289024,otsu_per_tank
tank_1197,-21.279873187691237,-21.279873187691237,0.8502217548922816,otsu_per_tank
tank_1201,-19.56651172154267,-19.56651172154267,0.8163151491907712,otsu_per_tank
tank_1203,-14.655890286020693,-14.655890286020693,0.7320678010287214,otsu_per_tank
tank_1205,-19.774620027071027,-19.774620027071027,0.8036891289933212,otsu_per_tank
tank_1209,-21.236994292860718,-21.236994292860718,0.8532637912841442,otsu_per_tank
tank_1217,-16.860924113085208,-16.860924113085208,0.6461086457331228,otsu_per_tank
tank_1223,-14.438757344371838,-14.438757344371838,0.6324920988452964,otsu_per_tank
tank_1226,-16.0,-17.31639102849867,0.578431466883899,fallback_global_not_bimodal
tank_1228,-19.750611339666122,-19.750611339666122,0.7857595396642075,otsu_per_tank
tank_1230,-16.44074897486585,-16.44074897486585,0.6393428864567664,otsu_per_tank
tank_1237,-16.103329918915318,-16.103329918915318,0.6654746366792091,otsu_per_tank
tank_1239,-19.746421127362645,-19.746421127362645,0.7976684620526174,otsu_per_tank
tank_1245,-19.381111066559857,-19.381111066559857,0.7374941040680554,otsu_per_tank
tank_1246,-18.762024521880523,-18.762024521880523,0.6509487400286122,otsu_per_tank
tank_1250,-16.051203087090162,-16.051203087090162,0.6609429976348864,otsu_per_tank
tank_1254,-21.32132941510976,-21.32132941510976,0.8539761577514067,otsu_per_tank
tank_1255,-17.55969240877669,-17.55969240877669,0.6950618141009675,otsu_per_tank
tank_1258,-18.231017103954176,-18.231017103954176,0.7465461832954292,otsu_per_tank
tank_1261,-17.189369080185408,-17.189369080185408,0.6233048942021995,otsu_per_tank
tank_1262,-16.0,-16.381176157769996,0.5889076217913063,fallback_global_not_bimodal
tank_1263,-18.656974565364415,-18.656974565364415,0.6939935202613544,otsu_per_tank
tank_1265,-18.2798888113511,-18.2798888113511,0.6953682604055278,otsu_per_tank
tank_1270,-18.32816319068268,-18.32816319068268,0.7668825088097811,otsu_per_tank
tank_1272,-17.651329896495316,-17.651329896495316,0.6075071998819138,otsu_per_tank
tank_1275,-16.112214075702912,-16.112214075702912,0.6078797641041674,otsu_per_tank
tank_1276,-19.738373445699953,-19.738373445699953,0.6924716431484269,otsu_per_tank
tank_1279,-18.106874339802395,-18.106874339802395,0.6306375811106402,otsu_per_tank
tank_1280,-17.154388547777923,-17.154388547777923,0.7081435933475198,otsu_per_tank
tank_1284,-19.867937362290725,-19.867937362290725,0.6502323179779881,otsu_per_tank
tank_1285,-16.378108752141713,-16.378108752141713,0.6718722838293119,otsu_per_tank
tank_1286,-20.27882773275691,-20.27882773275691,0.6966281050567114,otsu_per_tank
tank_1290,-18.413094885340506,-18.413094885340506,0.7091066762781771,otsu_per_tank
tank_1291,-18.606464551001707,-18.606464551001707,0.6622319948706596,otsu_per_tank
tank_1293,-18.861865981460507,-18.861865981460507,0.6690568091184752,otsu_per_tank
tank_1295,-18.444750341633963,-18.444750341633963,0.7219567658484882,otsu_per_tank
tank_1297,-19.877452777082087,-19.877452777082087,0.6912306873279122,otsu_per_tank
tank_1301,-20.354541143221343,-20.354541143221343,0.8703616027884514,otsu_per_tank
tank_1302,-18.633620639630948,-18.633620639630948,0.6885998990683463,otsu_per_tank
tank_1304,-18.13354229179463,-18.13354229179463,0.6681185271828234,otsu_per_tank
tank_1305,-17.62872265663024,-17.62872265663024,0.6707672634708471,otsu_per_tank
tank_1313,-21.25212617974628,-21.25212617974628,0.8236464512371664,otsu_per_tank
tank_1322,-17.311015912461126,-17.311015912461126,0.6155542284774733,otsu_per_tank
tank_1325,-19.77185064926926,-19.77185064926926,0.645470750276809,otsu_per_tank
tank_1326,-13.929312757030587,-13.929312757030587,0.688272759402644,otsu_per_tank
tank_1344,-17.430656976779733,-17.430656976779733,0.6729972307667027,otsu_per_tank
tank_1346,-14.55328196618866,-14.55328196618866,0.6736355702121357,otsu_per_tank
tank_1349,-16.056334151258223,-16.056334151258223,0.6237375452886772,otsu_per_tank
tank_1353,-20.261937335482404,-20.261937335482404,0.8363400487635572,otsu_per_tank
tank_1358,-18.931929170376915,-18.931929170376915,0.6929539043074658,otsu_per_tank
tank_1359,-16.93983615500865,-16.93983615500865,0.6490790084714502,otsu_per_tank
tank_1361,-20.746792793771057,-20.746792793771057,0.8600456978197246,otsu_per_tank
tank_1364,-21.265911970991343,-21.265911970991343,0.876540814575556,otsu_per_tank
tank_1365,-19.902167300701937,-19.902167300701937,0.8809006741499552,otsu_per_tank
tank_1372,-18.633709417258142,-18.633709417258142,0.7124918573474612,otsu_per_tank
tank_1374,-20.265871852200846,-20.265871852200846,0.8476664361349978,otsu_per_tank
tank_1378,-20.75315373813432,-20.75315373813432,0.8682817338308905,otsu_per_tank
tank_1380,-17.73663287852742,-17.73663287852742,0.6215795474124067,otsu_per_tank
tank_1386,-19.72548398399344,-19.72548398399344,0.7672365411517674,otsu_per_tank
tank_1391,-18.284126750615982,-18.284126750615982,0.6229517371441128,otsu_per_tank
tank_1393,-17.11996302861668,-17.11996302861668,0.6148216656264901,otsu_per_tank
tank_1396,-20.748984106248137,-20.748984106248137,0.713651022891598,otsu_per_tank
tank_1397,-17.44621836991859,-17.44621836991859,0.6752271196875127,otsu_per_tank
tank_1403,-17.868578457290308,-17.868578457290308,0.643235297489038,otsu_per_tank
tank_1409,-21.225726080954043,-21.225726080954043,0.8431697446388388,otsu_per_tank
tank_1412,-18.57253034564039,-18.57253034564039,0.6013054331369422,otsu_per_tank
tank_1415,-17.441298137548884,-17.441298137548884,0.6394537248810563,otsu_per_tank
tank_1416,-17.07745945465244,-17.07745945465244,0.6212664369811877,otsu_per_tank
tank_1421,-19.884920992797717,-19.884920992797717,0.8585675825627587,otsu_per_tank
tank_1422,-16.10117554170899,-16.10117554170899,0.7120128069292856,otsu_per_tank
tank_1425,-19.87133401131066,-19.87133401131066,0.7410241535659682,otsu_per_tank
tank_1426,-18.63799271396916,-18.63799271396916,0.7647283568946873,otsu_per_tank
tank_1430,-18.101271114110894,-18.101271114110894,0.6746118946612025,otsu_per_tank
tank_1433,-20.15375848509527,-20.15375848509527,0.8595012018928289,otsu_per_tank
tank_1438,-16.36065482587279,-16.36065482587279,0.7139061773864323,otsu_per_tank
tank_1439,-17.90181115663589,-17.90181115663589,0.6632217901786017,otsu_per_tank
tank_1441,-16.0,-15.38853701205413,0.5959998989618889,fallback_global_not_bimodal
tank_1443,-16.0,-17.87713202406699,0.5916091904843955,fallback_global_not_bimodal
tank_1445,-16.786398282567756,-16.786398282567756,0.6452937632452511,otsu_per_tank
tank_1446,-19.12147151394066,-19.12147151394066,0.6286617479701581,otsu_per_tank
tank_1450,-17.175376188546682,-17.175376188546682,0.6890033940064423,otsu_per_tank
tank_1452,-17.381353139945123,-17.381353139945123,0.6391568218394129,otsu_per_tank
tank_1456,-16.930675569528532,-16.930675569528532,0.6552721778155162,otsu_per_tank
tank_1466,-15.320443785545804,-15.320443785545804,0.6855195835962964,otsu_per_tank
tank_1471,-15.431296635894439,-15.431296635894439,0.626683588918586,otsu_per_tank
tank_1475,-21.319060264333196,-21.319060264333196,0.8336608889090034,otsu_per_tank
tank_1486,-21.238019067209112,-21.238019067209112,0.879930598982175,otsu_per_tank
tank_1488,-18.767731966404604,-18.767731966404604,0.7101132131502075,otsu_per_tank
tank_1491,-18.356059870266932,-18.356059870266932,0.6641932456631747,otsu_per_tank
tank_1500,-17.364546506789527,-17.364546506789527,0.6018516223774779,otsu_per_tank
tank_1505,-20.198704499108185,-20.198704499108185,0.8066914009826358,otsu_per_tank
tank_1513,-21.778581487574236,-21.778581487574236,0.8301179647903744,otsu_per_tank
tank_1531,-18.62671920390437,-18.62671920390437,0.7779105083640646,otsu_per_tank
tank_1536,-18.59351061937229,-18.59351061937229,0.7123788516634293,otsu_per_tank
tank_1539,-20.29135169333608,-20.29135169333608,0.8907091633708949,otsu_per_tank
tank_1541,-18.8953804668547,-18.8953804668547,0.8193337160220087,otsu_per_tank
tank_1542,-16.0,-15.619376050591788,0.5740763544688844,fallback_global_not_bimodal
tank_1547,-19.60532254301533,-19.60532254301533,0.8152011090902916,otsu_per_tank
tank_1563,-19.887071105464017,-19.887071105464017,0.7837301868244964,otsu_per_tank
tank_1564,-16.441708679252027,-16.441708679252027,0.6503222155890079,otsu_per_tank
tank_1565,-20.77042310230222,-20.77042310230222,0.8876661700815519,otsu_per_tank
tank_1567,-17.60059309660934,-17.60059309660934,0.6420872314783497,otsu_per_tank
tank_1568,-19.42294905873487,-19.42294905873487,0.7601577064766206,otsu_per_tank
tank_1573,-18.7684650901762,-18.7684650901762,0.7850693623665109,otsu_per_tank
tank_1583,-16.0,-15.632539543081847,0.547617430411047,fallback_global_not_bimodal
tank_1587,-20.734932277043697,-20.734932277043697,0.8607176763211115,otsu_per_tank
tank_1588,-16.8835414335206,-16.8835414335206,0.6103425007796501,otsu_per_tank
tank_1592,-16.0,-16.312163559364876,0.594614872644439,fallback_global_not_bimodal
tank_1594,-18.383810377895497,-18.383810377895497,0.710349423905133,otsu_per_tank
tank_1595,-17.14381178559637,-17.14381178559637,0.6527157438093406,otsu_per_tank
tank_1597,-18.703224991675874,-18.703224991675874,0.7763545562975137,otsu_per_tank
tank_1598,-17.893538799041114,-17.893538799041114,0.6856834142822561,otsu_per_tank
tank_1600,-14.927887771133593,-14.927887771133593,0.6550633233314096,otsu_per_tank
tank_1604,-15.845817217544461,-15.845817217544461,0.7227633026851371,otsu_per_tank
